,stress,xing,ring
neato,0.0018991759,-0.016690826,-0.0043431707
kamada_kawai,0.015468231,0.008409447,0.001015076
